City_ID,City,Lat,Lng,Max Temp,Humidity,Cloudiness,Wind Speed,Country,Date
0,lompoc,34.6391,-120.4579,299.18,85,75,2.24,US,1691339729
1,bredasdorp,-34.5322,20.0403,285.06,91,18,1.54,ZA,1691339729
2,nemuro,43.3236,145.575,287.32,97,100,5.69,JP,1691339729
3,waitangi,-43.9535,-176.5597,279.72,64,75,5.23,NZ,1691339248
4,tura,25.5198,90.2201,297.21,98,100,2.54,IN,1691339730
5,alofi,-19.0595,-169.9187,295.09,100,94,1.54,NU,1691339730
6,adamstown,-25.066,-130.1015,293.64,70,14,9.68,PN,1691339730
7,bonthe,7.5264,-12.505,300.13,75,89,5.72,SL,1691339730
8,badger,64.8,-147.5333,295.45,73,100,2.57,US,1691339673
9,kodiak,57.79,-152.4072,284.88,94,100,4.12,US,1691339730
10,ancud,-41.8697,-73.8203,282.32,69,36,2.48,CL,1691339730
11,manokwari,-0.8667,134.0833,299.25,75,76,1.24,ID,1691339731
12,isafjordur,66.0755,-23.124,287.17,58,0,4.12,IS,1691339731
13,gobabis,-22.45,18.9667,290.16,17,2,5.22,NA,1691339731
14,villa gesell,-37.2639,-56.973,288.74,58,100,3.7,AR,1691339731
15,puerto natales,-51.7236,-72.4875,275.16,66,39,3.86,CL,1691339494
16,kayangel,8.0823,134.7173,301.58,80,100,7.56,PW,1691339731
17,sanghar,26.0466,68.9481,302.34,69,34,11.31,PK,1691339731
18,ilulissat,69.2167,-51.1,282.16,53,0,1.54,GL,1691339731
19,bethel,41.3712,-73.414,301.33,55,0,2.06,US,1691339732
20,xinqing,48.2333,129.5,284.85,91,4,0.71,CN,1691339732
21,caburan,5.9181,125.6411,299.96,83,34,2.45,PH,1691339732
22,atafu village,-8.5421,-172.5159,301.43,76,82,2.99,TK,1691339732
23,poronaysk,49.2167,143.1167,284.78,93,3,1.73,RU,1691339732
24,uturoa,-16.7333,-151.4333,298.66,74,36,3.94,PF,1691339732
25,las cruces,32.3123,-106.7783,310.93,18,0,2.68,US,1691339678
26,blackmans bay,-43.0167,147.3167,278.44,93,18,2.29,AU,1691339733
27,paka,4.6374,103.4368,299.11,89,72,1.03,MY,1691339733
28,ventspils,57.3894,21.5606,301.11,69,0,5.14,LV,1691339733
29,laguna,38.421,-121.4238,305.42,49,0,2.06,US,1691339733
30,nikel,69.4128,30.222,290.25,63,70,4.76,RU,1691339733
31,bichura,50.5881,107.6022,287.6,94,70,0.79,RU,1691339734
32,ketchikan,55.3422,-131.6461,291.41,88,0,5.14,US,1691339731
33,turkestan,43.3333,68.25,300.16,35,65,3.79,KZ,1691339735
34,inarajan village,13.2736,144.7484,299.69,96,99,2.72,GU,1691339735
35,dudinka,69.4058,86.1778,291.83,54,19,1.37,RU,1691339177
36,kuala tungkal,-0.8167,103.4667,299.24,85,19,3.4,ID,1691339735
37,edinburgh of the seven seas,-37.0676,-12.3116,283.48,70,27,19.55,SH,1691339735
38,port-aux-francais,-49.35,70.2167,277.76,90,93,13.36,TF,1691339249
39,anadyr,64.75,177.4833,283.71,81,75,2.68,RU,1691339736
40,port alfred,-33.5906,26.891,290.47,89,5,1.34,ZA,1691339736
41,yoichi,43.2039,140.7703,294.25,93,100,0.95,JP,1691339736
42,polyarnyy,69.1989,33.4478,287.25,68,13,2.73,RU,1691339736
43,fort st. john,56.2499,-120.8529,292.09,68,75,1.54,CA,1691339736
44,qaqortoq,60.7167,-46.0333,279.9,84,26,2.44,GL,1691339736
45,kristiansund,63.1115,7.732,288.18,72,75,6.17,NO,1691339736
46,st. john's,47.5649,-52.7093,289.42,95,100,6.69,CA,1691339737
47,jamestown,42.097,-79.2353,300.94,60,75,3.6,US,1691339455
48,east london,-33.0153,27.9116,291.67,88,75,2.57,ZA,1691339737
49,wailua homesteads,22.0669,-159.378,298.59,88,40,5.14,US,1691339737
50,son la,21.3167,103.9,294.08,98,100,0.71,VN,1691339737
51,west island,-12.1568,96.8225,299.14,89,40,5.66,CC,1691339249
52,graaff-reinet,-32.2522,24.5308,294.22,30,2,1.84,ZA,1691339737
53,codrington,-38.2667,141.9667,279.28,88,7,1.78,AU,1691339738
54,margaret river,-33.95,115.0667,282.5,86,2,3.36,AU,1691339738
55,aasiaat,68.7098,-52.8699,276.7,72,12,4.33,GL,1691339738
56,lata,40.1629,-8.3327,303.75,23,0,4.04,PT,1691339738
57,arraial do cabo,-22.9661,-42.0278,299.13,73,0,10.8,BR,1691339738
58,vilyuchinsk,52.9306,158.4028,288.3,87,100,3.54,RU,1691339738
59,cuyo,10.8525,121.0086,301.96,76,24,4.69,PH,1691339739
60,broken hill,-31.95,141.4333,279.87,78,45,3.99,AU,1691339739
61,puerto ayora,-0.7393,-90.3518,302.13,86,38,3.58,EC,1691339739
62,cannonvale,-20.2833,148.7,292.81,84,3,6.98,AU,1691339739
63,cole harbour,44.6724,-63.4751,297.03,74,1,5.66,CA,1691339739
64,karratha,-20.7377,116.8463,295.38,54,62,3.51,AU,1691339739
65,holualoa,19.6228,-155.9522,295.06,74,40,3.13,US,1691339739
66,nuuk,64.1835,-51.7216,286.49,44,0,4.12,GL,1691339740
67,cabo san lucas,22.8909,-109.9124,303.74,79,75,6.69,MX,1691339740
68,port elizabeth,-33.918,25.5701,289.32,88,20,4.12,ZA,1691339740
69,grytviken,-54.2811,-36.5092,265.53,75,21,1.31,GS,1691339740
70,kangding,30.0513,101.9603,289.45,99,100,0.95,CN,1691339740
71,yanchep,-31.55,115.6833,289.22,88,0,2.25,AU,1691339740
72,aadorf,47.492,8.901,289.39,76,72,6.12,CH,1691339740
73,mandal,25.45,74.5667,300.2,71,94,4.75,IN,1691339499
74,huangshan,29.7114,118.3125,299.02,92,40,0.56,CN,1691339741
75,ribeira grande,38.5167,-28.7,297.47,73,40,2.68,PT,1691339733
76,crossett,33.1282,-91.9612,304.14,42,70,4.41,US,1691339741
77,bembibre,42.6177,-6.4155,306.32,12,7,0.89,ES,1691339741
78,el nido,11.1858,119.3956,301.26,78,35,5.44,PH,1691339741
79,ushuaia,-54.8,-68.3,271.96,93,100,17.49,AR,1691339446
80,taunggyi,20.7833,97.0333,290.46,97,100,2.73,MM,1691339741
81,afaahiti,-17.75,-149.2833,294.08,78,74,2.74,PF,1691339742
82,alo,7.4178,6.7371,297.37,93,100,2.61,NG,1691339742
83,hermanus,-34.4187,19.2345,288.04,87,2,0.7,ZA,1691339742
84,pisco,-13.7,-76.2167,294.18,68,20,4.12,PE,1691339742
85,akureyri,65.6835,-18.0878,288.11,63,40,5.14,IS,1691339742
86,mugia,43.1041,-9.2179,299.77,69,14,11.92,ES,1691339742
87,meadow lakes,61.6247,-149.6011,289.18,78,100,2.57,US,1691339743
88,dompu,-8.5356,118.4622,293.79,94,91,1.54,ID,1691339743
89,susanville,40.4163,-120.653,297.49,38,0,0.89,US,1691339743
90,ust-nera,64.5667,143.2,277.33,91,11,3.19,RU,1691339743
91,sangre grande,10.5835,-61.1177,307.69,58,7,3.16,TT,1691339744
92,whitehorse,60.7161,-135.0538,291.58,59,40,5.66,CA,1691339744
93,botshabelo,-29.2702,26.7052,287.8,21,1,1.05,ZA,1691339460
94,yellowknife,62.456,-114.3525,291.44,48,75,3.6,CA,1691339701
95,ryotsu-minato,38.0833,138.4333,300.86,88,34,2.13,JP,1691339745
96,berbera,10.4396,45.0143,306.3,49,95,4.48,SO,1691339745
97,keflavik,64.0049,-22.5624,285.1,100,75,1.03,IS,1691339745
98,kampong cham,11.9934,105.4635,300.07,70,100,4.81,KH,1691339745
99,oban,56.4127,-5.4706,288.1,77,20,5.14,GB,1691339745
100,rio bueno,-40.3167,-72.9667,282.23,67,65,0.26,CL,1691339745
101,prince rupert,54.3161,-130.3201,292.2,92,0,2.57,CA,1691339746
102,dryden,49.7833,-92.7503,295.31,60,0,2.06,CA,1691339746
103,gereshk,31.8209,64.5701,307.46,9,0,2.84,AF,1691339746
104,torghay,49.6339,63.4981,299.14,46,93,1.98,KZ,1691339746
105,cloquet,46.7216,-92.4594,296.29,66,0,2.06,US,1691339746
106,es castell,39.8795,4.2854,297.53,64,75,4.63,ES,1691339746
107,albany,42.6001,-73.9662,299.79,56,6,0.89,US,1691339231
108,hatten,53.0167,8.35,293.68,76,100,2.68,DE,1691339746
109,port lincoln,-34.7333,135.8667,283.77,77,44,4.1,AU,1691339747
110,belmonte,-15.8631,-38.8828,299.05,52,47,3.29,BR,1691339747
111,ta`u,-14.2336,-169.5144,300.04,78,55,3.98,AS,1691339747
112,bilibino,68.0546,166.4372,274.49,88,100,3.65,RU,1691339747
113,sen monorom,12.45,107.2,294.32,94,98,2.36,KH,1691339747
114,ugoofaaru,5.6667,73.0,301.51,79,100,5.98,MV,1691339747
115,college,64.8569,-147.8028,295.49,66,75,2.57,US,1691339619
116,port mathurin,-19.6833,63.4167,296.09,61,44,11.65,MU,1691339747
117,guerrero negro,27.9769,-114.0611,302.59,38,36,0.93,MX,1691339748
118,yatagan,37.3403,28.1428,301.85,52,0,1.92,TR,1691339748
119,san luis de la loma,17.2706,-100.8939,301.26,69,100,1.36,MX,1691339748
120,fortuna,40.5982,-124.1573,288.52,98,100,0.0,US,1691339594
121,rio grande,-32.035,-52.0986,304.21,63,2,5.58,BR,1691339748
122,malka,43.8039,43.3242,303.23,66,0,1.64,RU,1691339748
123,bamboo flat,11.7,92.7167,300.97,84,80,6.5,IN,1691339748
124,muisne,0.6,-80.0333,300.21,77,100,4.4,EC,1691339749
125,cururupu,-1.8283,-44.8683,304.69,52,73,3.8,BR,1691339749
126,punta arenas,-53.15,-70.9167,274.34,64,91,9.08,CL,1691339749
127,balpyk bi,44.8947,78.2083,299.55,34,100,2.29,KZ,1691339749
128,bangolo,7.0069,-7.475,300.45,75,62,1.26,CI,1691339749
129,thompson,55.7435,-97.8558,288.24,88,100,5.14,CA,1691339749
130,gizo,-8.103,156.8419,299.13,82,99,6.84,SB,1691339749
131,yangquan,37.8575,113.5633,294.95,93,81,1.05,CN,1691339750
132,haiku-pauwela,20.9219,-156.3051,298.17,68,0,3.13,US,1691339750
133,kiffa,16.6166,-11.4045,312.29,29,71,6.4,MR,1691339750
134,iskateley,67.6803,53.1512,291.83,80,81,3.06,RU,1691339750
135,naze,28.3667,129.4833,298.66,93,100,15.93,JP,1691339750
136,netley,50.8763,-1.354,294.28,70,20,4.63,GB,1691339696
137,shumikha,55.2261,63.2961,291.3,91,47,2.13,RU,1691339750
138,cayenne,4.9333,-52.3333,305.17,66,40,3.6,GF,1691339750
139,lebu,-37.6167,-73.65,286.72,62,18,0.7,CL,1691339609
140,trincomalee,8.5711,81.2335,300.61,77,100,5.91,LK,1691339751
141,rongelap,11.1635,166.8941,301.12,79,32,5.55,MH,1691339751
142,coquimbo,-29.9533,-71.3436,292.0,52,75,1.54,CL,1691339616
143,udachny,66.4167,112.4,285.07,66,62,3.82,RU,1691339751
144,nadym,65.5333,72.5167,293.08,54,2,3.42,RU,1691339751
145,vila franca do campo,37.7167,-25.4333,296.38,62,66,1.32,PT,1691339751
146,avarua,-21.2078,-159.775,293.18,94,75,1.03,CK,1691339752
147,yanam,16.7333,82.2167,300.76,79,99,2.02,IN,1691339752
148,byron bay,-28.65,153.6167,286.88,91,88,3.96,AU,1691339555
149,georgetown,5.4112,100.3354,302.11,87,20,1.03,MY,1691339693
150,hawaiian paradise park,19.5933,-154.9731,294.28,95,75,3.6,US,1691339752
151,tamanrasset,22.785,5.5228,310.1,9,40,5.14,DZ,1691339752
152,vadso,70.0744,29.7487,290.64,72,75,3.09,NO,1691339752
153,korla,41.7597,86.1469,304.98,21,95,3.82,CN,1691339752
154,oamaru,-45.0784,170.9801,277.8,93,29,2.53,NZ,1691339753
155,masuguru,-11.3667,38.4167,299.99,42,37,2.39,TZ,1691339753
156,acarau,-2.8856,-40.12,304.54,55,0,9.39,BR,1691339753
157,rosarito,32.3333,-117.0333,296.7,64,2,2.29,MX,1691339507
158,ust'-dzheguta,44.0834,41.9763,298.39,71,2,2.98,RU,1691339753
159,kupang,-10.1667,123.5833,296.63,73,8,4.86,ID,1691339753
160,constantia,44.1833,28.65,300.53,76,23,4.42,RO,1691339753
161,pielavesi,63.2333,26.75,291.92,71,100,2.12,FI,1691339753
162,talnakh,69.4865,88.3972,291.6,60,30,2.34,RU,1691339754
163,tondano,1.3038,124.9112,294.2,93,73,1.96,ID,1691339754
164,kavaratti,10.5669,72.642,301.44,74,13,9.0,IN,1691339754
165,yuzhno-kurilsk,44.0306,145.8556,287.18,96,100,2.72,RU,1691339754
166,iqaluit,63.7506,-68.5145,282.0,81,20,2.06,CA,1691339754
167,urangan,-25.3,152.9,290.99,69,5,5.42,AU,1691339754
168,padang,-0.9492,100.3543,299.18,89,11,0.97,ID,1691339754
169,fale old settlement,-9.3852,-171.2468,301.56,74,52,4.6,TK,1691339754
170,happy valley-goose bay,53.3168,-60.3315,291.32,77,100,2.57,CA,1691339755
171,arkhangel'sk,64.5401,40.5433,290.28,82,12,1.81,RU,1691339755
172,tame,6.461,-71.73,299.05,79,95,1.83,CO,1691339755
173,alice springs,-23.7,133.8833,281.9,76,0,0.0,AU,1691339755
174,soe,-9.8607,124.284,289.13,88,12,2.31,ID,1691339755
175,weno,7.4515,151.8468,300.42,78,100,8.79,FM,1691339755
176,nouadhibou,20.931,-17.0347,298.14,61,66,9.26,MR,1691339755
177,labrador city,52.9463,-66.9114,286.1,94,100,5.14,CA,1691339672
178,bac lieu,9.285,105.7244,299.76,87,64,3.48,VN,1691339756
179,phan rang-thap cham,11.5667,108.9833,299.46,80,42,2.92,VN,1691339756
180,egilsstadir,65.2653,-14.3948,285.1,71,40,5.14,IS,1691339756
181,ha'il,27.5219,41.6907,310.16,13,0,3.09,SA,1691339756
182,newman,37.3138,-121.0208,302.17,25,0,2.75,US,1691339756
183,longyearbyen,78.2186,15.6401,285.06,71,75,3.6,SJ,1691339724
184,hadibu,12.65,54.0333,299.02,77,27,9.08,YE,1691339756
185,utrik,11.2278,169.8474,301.2,79,86,6.87,MH,1691339757
186,mil'kovo,55.6078,37.7956,302.78,64,0,3.34,RU,1691339757
187,kittila,67.6647,24.8936,294.23,40,0,3.09,FI,1691339758
188,abancay,-13.6339,-72.8814,294.9,35,20,1.73,PE,1691339758
189,papatowai,-46.5619,169.4708,279.89,94,97,4.04,NZ,1691339758
190,gadani,25.1185,66.7299,301.27,85,83,9.19,PK,1691339758
191,san pedro,14.35,121.0167,301.72,89,40,6.17,PH,1691339758
192,gumel,12.6279,9.3912,300.79,59,99,2.04,NG,1691339759
193,touros,-5.1989,-35.4608,301.78,60,2,8.54,BR,1691339759
194,enewetak,11.3474,162.3373,301.63,77,96,5.44,MH,1691339756
195,ingeniero jacobacci,-41.3427,-69.5448,283.77,29,35,5.3,AR,1691339759
196,playa del ingles,27.7567,-15.5787,302.01,71,18,3.13,ES,1691339759
197,aykhal,66.0,111.5,284.66,63,100,3.7,RU,1691339759
198,selfoss,63.9331,-20.9971,286.51,77,100,0.63,IS,1691339749
199,sunne,59.8376,13.143,290.38,93,100,2.65,SE,1691339760
200,kruisfontein,-34.0033,24.7314,288.09,86,1,3.75,ZA,1691339760
201,carnarvon,-24.8667,113.6333,293.17,78,5,3.03,AU,1691339760
202,revda,56.801,59.9303,289.97,96,31,1.71,RU,1691339760
203,carbonear,47.7332,-53.2148,289.06,95,100,7.52,CA,1691339760
204,palikir - national government center,6.9248,158.1611,296.56,100,100,2.06,FM,1691339760
205,remire-montjoly,4.9167,-52.2667,305.17,66,40,3.6,GF,1691339761
206,saipan,15.1355,145.701,300.54,100,40,0.0,MP,1691339761
207,lihue,21.9789,-159.3672,298.92,83,40,5.14,US,1691339739
208,le vauclin,14.5452,-60.8388,301.18,89,75,4.12,MQ,1691339761
209,nantucket,41.2835,-70.0995,301.18,49,0,4.63,US,1691339761
210,kuanda,56.3161,116.0806,291.31,53,100,1.49,RU,1691339761
211,fort stockton,30.894,-102.8793,311.57,21,0,4.12,US,1691339762
212,antsiranana,-12.2787,49.2917,296.04,76,95,8.12,MG,1691339762
213,kununurra,-15.7667,128.7333,294.14,49,0,2.57,AU,1691339728
214,tiksi,71.6872,128.8694,277.05,66,69,2.68,RU,1691339762
215,vidalia,32.2177,-82.4135,306.12,55,0,0.0,US,1691339762
216,languyan,5.2618,120.0807,299.67,83,0,1.94,PH,1691339763
217,kongoussi,13.3258,-1.5347,301.61,68,99,2.52,BF,1691339763
218,howard springs,-12.497,131.047,296.1,76,55,2.12,AU,1691339736
219,vail,32.0479,-110.712,308.46,31,0,1.79,US,1691339763
220,fort bragg,35.139,-79.006,306.04,59,20,3.6,US,1691339763
221,sarangani,5.4033,125.4636,301.57,76,17,6.54,PH,1691339764
222,idri,27.5,13.2667,314.46,14,0,3.53,LY,1691339764
223,mesquite,32.7668,-96.5992,309.23,50,0,1.34,US,1691339480
224,saint-paul,-21.0096,55.2707,294.26,99,73,0.75,RE,1691339697
225,invercargill,-46.4,168.35,279.83,94,91,0.45,NZ,1691339764
226,argo,37.6333,22.7333,304.7,34,0,3.38,GR,1691339764
227,horta,38.5333,-28.6333,297.05,76,40,2.68,PT,1691339765
228,beaufort west,-32.3567,22.583,290.45,26,8,1.87,ZA,1691339765
229,lib,8.3122,167.3766,301.06,76,95,3.74,MH,1691339765
230,harrisonville,38.6533,-94.3488,301.57,57,0,5.14,US,1691339765
231,tolanaro,-25.0319,46.9987,292.19,88,40,8.23,MG,1691339765
232,chonchi,-42.6128,-73.8092,283.77,65,45,1.13,CL,1691339766
233,solnechnyy,50.7214,136.6319,287.72,54,0,1.73,RU,1691339766
234,khandyga,62.6667,135.6,287.25,45,94,4.63,RU,1691339766
235,antofagasta,-23.65,-70.4,291.75,68,22,4.33,CL,1691339671
236,kingston,17.997,-76.7936,306.68,65,20,8.23,JM,1691339766
237,petropavlovsk-kamchatsky,53.0452,158.6483,287.48,100,75,0.0,RU,1691339767
238,kolonia,50.9333,6.95,289.29,87,75,6.69,DE,1691339619
239,filadelfia,39.9523,-75.1638,304.65,51,40,2.57,US,1691339671
240,petrovsk,52.3064,45.3917,296.63,61,0,4.02,RU,1691339767
241,bayramaly,37.6185,62.1671,306.01,23,1,4.72,TM,1691339767
242,sinabang,2.4803,96.3801,299.29,84,84,1.44,ID,1691339767
243,parnamirim,-5.9156,-35.2628,303.34,65,40,9.77,BR,1691339768
244,camana,-16.6228,-72.7111,293.36,71,21,4.76,PE,1691339768
245,tralee,52.2704,-9.7026,289.29,67,40,2.57,IE,1691339768
246,stanley,54.868,-1.6985,289.12,74,20,3.09,GB,1691339629
247,whitecourt,54.1502,-115.6855,288.73,88,75,1.54,CA,1691339768
248,aswan,24.0934,32.907,315.76,8,0,7.72,EG,1691339768
249,caras,-9.0467,-77.8114,296.81,36,12,1.89,PE,1691339768
250,susuman,62.7833,148.1667,276.89,94,100,2.9,RU,1691339769
251,new norfolk,-42.7826,147.0587,279.1,97,22,1.33,AU,1691339769
252,bubaque,11.2833,-15.8333,299.57,85,100,7.01,GW,1691339769
253,ulysses,37.5814,-101.3552,296.81,64,75,5.66,US,1691339769
254,nelson bay,-32.7167,152.15,286.48,97,72,2.24,AU,1691339769
255,port moresby,-9.4431,147.1797,291.83,94,20,1.54,PG,1691339769
256,pimentel,-6.8367,-79.9342,298.31,65,100,1.03,PE,1691339770
257,lower hutt,-41.2167,174.9167,282.5,94,20,5.14,NZ,1691339770
258,harstad,68.799,16.5293,288.81,72,3,6.71,NO,1691339770
259,loreto,22.2667,-101.9667,298.63,37,64,5.67,MX,1691339553
260,starachowice,51.0374,21.0713,295.03,87,97,5.64,PL,1691339770
261,carora,10.1755,-70.0827,310.49,28,47,3.91,VE,1691339770
262,zhanibek,49.4167,46.85,305.97,28,0,5.82,KZ,1691339771
263,namibe,-15.1961,12.1522,292.59,86,1,3.58,AO,1691339771
264,impfondo,1.6381,18.0667,296.68,94,91,0.54,CG,1691339771
265,hastings,50.8552,0.5729,293.37,64,86,6.15,GB,1691339771
266,mili,6.0815,171.735,301.11,78,51,3.88,MH,1691339772
267,lensk,60.7253,114.9278,290.79,93,100,1.45,RU,1691339772
268,minas de marcona,-15.2119,-75.1103,291.42,55,5,4.44,PE,1691339772
269,marco,25.9726,-81.729,308.18,60,20,3.65,US,1691339772
270,puerto rico,-26.796,-55.024,304.28,27,0,2.95,AR,1691339773
271,riachao das neves,-11.7461,-44.91,306.93,15,0,3.17,BR,1691339773
272,jinka,5.65,36.65,293.74,57,94,1.38,ET,1691339773
273,la crosse,43.8014,-91.2396,296.22,73,0,2.57,US,1691339695
274,kingscliff,-28.2667,153.5667,288.04,77,78,4.63,AU,1691339773
275,kwang binh,17.4833,106.6,301.38,68,100,3.51,VN,1691339774
276,cidreira,-30.1811,-50.2056,296.84,63,2,2.13,BR,1691339774
277,pecs,46.0833,18.2333,291.13,82,100,5.14,HU,1691339774
278,champerico,14.3,-91.9167,307.45,70,5,3.15,GT,1691339774
279,wynyard,-41.0,145.7167,280.28,81,7,2.25,AU,1691339774
280,inirida,3.8653,-67.9239,302.18,79,70,0.76,CO,1691339775
281,port saint john's,-31.6229,29.5448,293.56,54,0,1.93,ZA,1691339775
282,rabigh,22.7986,39.0349,306.81,33,3,3.6,SA,1691339775
283,maysville,38.6412,-83.7444,301.2,73,100,4.63,US,1691339775
284,constitucion,-35.3333,-72.4167,288.22,65,13,2.11,CL,1691339775
285,portland,45.5234,-122.6762,294.11,85,100,1.54,US,1691339743
286,hassi messaoud,31.6804,6.0729,311.07,15,0,3.6,DZ,1691339776
287,puerto aysen,-45.4,-72.7,279.89,93,82,1.67,CL,1691339776
288,tucupita,9.0622,-62.051,309.96,36,14,2.55,VE,1691339518
289,kitgum,3.2783,32.8867,296.02,73,95,1.14,UG,1691339776
290,kudahuvadhoo,2.6708,72.8944,301.78,75,100,4.72,MV,1691339777
291,stephenville,32.2207,-98.2023,309.69,34,0,5.14,US,1691339777
292,baiona,43.4833,-1.4833,296.18,60,20,4.63,FR,1691339777
293,klyuchi,52.2667,79.1667,291.47,80,48,2.02,RU,1691339735
294,siwa oasis,29.2041,25.5195,312.79,14,0,3.27,EG,1691339777
295,touba,8.2833,-7.6833,298.38,89,79,2.23,CI,1691339641
296,kone,-21.0595,164.8658,289.1,91,54,2.65,NC,1691339778
297,verkhnevilyuysk,63.4453,120.3167,286.55,67,91,2.21,RU,1691339778
298,san patricio,28.017,-97.5169,308.75,42,18,5.69,US,1691339778
299,coyhaique,-45.5752,-72.0662,280.12,61,40,2.57,CL,1691339778
300,douz,33.4663,9.0203,308.72,22,0,3.18,TN,1691339778
301,olonkinbyen,70.9221,-8.7187,276.73,91,100,11.47,SJ,1691339778
302,kapsan-up,41.0903,128.2933,291.97,98,100,1.64,KP,1691339778
303,kuloy,61.0305,42.4925,293.78,69,74,0.61,RU,1691339595
304,zhezqazghan,47.7833,67.7667,299.6,38,35,4.67,KZ,1691339779
305,ganye,8.4333,12.0667,295.04,97,100,1.82,NG,1691339779
306,guaratuba,-25.8828,-48.5747,299.29,69,1,3.64,BR,1691339779
307,virginia,37.5481,-77.4467,305.01,73,20,4.12,US,1691339719
308,bochum,51.4833,7.2167,288.91,87,100,3.58,DE,1691339779
309,corfu,39.62,19.9197,301.03,51,20,3.09,GR,1691339780
310,n'djamena,12.1067,15.0444,305.13,55,40,3.6,TD,1691339780
311,hithadhoo,-0.6,73.0833,301.22,75,95,2.46,MV,1691339780
312,pilar,-9.5972,-35.9567,300.11,70,64,4.62,BR,1691339773
313,pryluky,50.5932,32.3876,306.28,29,2,9.58,UA,1691339781
314,yerofey pavlovich,53.9667,121.9667,287.7,64,99,1.85,RU,1691339781
315,mapastepec,15.4333,-92.9,306.28,56,7,2.8,MX,1691339782
316,kapa'a,22.0752,-159.319,299.33,84,40,5.14,US,1691339600
317,tocopilla,-22.092,-70.1979,293.49,66,8,5.74,CL,1691339782
318,balykchy,42.4557,76.1861,294.27,64,88,2.74,KG,1691339782
319,zemio,5.0314,25.1361,297.24,79,77,2.1,CF,1691339783
320,kirensk,57.7853,108.1119,286.11,98,25,1.13,RU,1691339597
321,farasan,16.7022,42.1183,304.16,79,21,3.69,SA,1691339783
322,dunedin,-45.8742,170.5036,281.93,76,79,1.79,NZ,1691339624
323,las varillas,-31.8721,-62.7195,296.66,48,0,4.03,AR,1691339784
324,cunit,41.1983,1.6365,300.76,60,39,2.68,ES,1691339784
325,praia da vitoria,38.7333,-27.0667,297.29,83,40,3.71,PT,1691339784
326,doka,13.5167,35.7667,300.27,62,66,2.99,SD,1691339784
327,porto novo,6.4965,2.6036,300.05,79,95,5.23,BJ,1691339785
328,vorgashor,67.5833,63.95,292.84,82,28,2.92,RU,1691339742
329,coahuayana de hidalgo,18.7,-103.6583,303.05,69,100,0.4,MX,1691339785
330,hawkesbury,45.6001,-74.616,298.18,42,3,2.84,CA,1691339785
331,anchorage,61.2181,-149.9003,289.74,86,75,2.06,US,1691339523
332,kimbe,-5.5502,150.1429,296.74,77,88,4.31,PG,1691339786
333,arteche,12.2645,125.4048,300.74,76,69,5.35,PH,1691339786
334,amet,25.3,73.9333,298.77,75,81,4.79,IN,1691339786
335,lascahobas,18.8294,-71.9364,306.95,34,0,2.0,HT,1691339786
336,tazovsky,67.4667,78.7,289.0,65,3,2.64,RU,1691339786
337,jabor,5.921,169.6434,301.19,77,85,3.38,MH,1691339787
338,kirakira,-10.4544,161.9205,297.78,90,100,2.99,SB,1691339787
339,nagqu,31.5,92.0,277.28,81,65,2.15,CN,1691339787
340,bayanhongor,46.7167,100.1167,283.08,70,13,2.12,MN,1691339787
341,levuka,50.1834,-105.4011,291.05,32,0,3.59,CA,1691339787
342,jiayuguan,39.8167,98.3,299.35,19,12,1.95,CN,1691339594
343,hirara,24.8,125.2833,301.07,89,96,7.2,JP,1691339788
344,natal,-5.795,-35.2094,303.51,65,40,9.77,BR,1691339623
345,ciudad bolivar,8.1222,-63.5497,307.62,44,23,2.68,VE,1691339489
346,mahenge,-8.6833,36.7167,292.32,62,67,1.32,TZ,1691339788
347,puerto baquerizo moreno,-0.9,-89.6,299.7,69,40,7.2,EC,1691339788
348,khasab,26.1799,56.2477,309.17,52,5,1.79,OM,1691339788
349,altai,46.3722,96.2583,288.78,47,14,1.1,MN,1691339789
350,mossel bay,-34.1831,22.146,287.11,88,0,0.87,ZA,1691339789
351,houlton,46.1262,-67.8403,295.77,53,100,5.66,US,1691339789
352,kirkuk,35.4681,44.3922,310.31,15,0,4.27,IQ,1691339674
353,ola,59.5833,151.2833,284.9,64,77,3.8,RU,1691339789
354,sur,22.5667,59.5289,305.05,57,74,5.05,OM,1691339789
355,springs,-26.25,28.4,288.38,49,0,1.7,ZA,1691339744
356,shakawe,-18.3667,21.85,292.18,24,1,2.63,BW,1691339790
357,miandrivazo,-19.5167,45.4667,297.52,44,5,2.82,MG,1691339790
358,boguchany,58.3814,97.4531,285.63,76,87,1.24,RU,1691339790
359,dili,-8.5586,125.5736,296.38,70,22,3.44,TL,1691339790
360,tibanbang,6.6315,126.1055,300.84,79,54,4.37,PH,1691339790
361,sao vicente,-23.9631,-46.3919,306.08,69,1,2.68,BR,1691339791
362,sinop,41.7711,34.8709,296.77,68,0,0.73,TR,1691339791
363,nova vicosa,-17.8919,-39.3719,298.79,54,28,4.48,BR,1691339702
364,severo-yeniseyskiy,60.3725,93.0408,281.79,98,94,0.31,RU,1691339791
365,kapuskasing,49.4169,-82.4331,297.2,46,75,3.09,CA,1691339581
366,lyskovo,56.0328,45.0422,295.24,67,1,2.14,RU,1691339791
367,blackfoot,43.1905,-112.345,295.77,38,65,1.56,US,1691339791
368,rotonda west,26.8837,-82.2901,308.14,75,0,2.57,US,1691339792
369,rivesaltes,42.7695,2.8724,299.31,34,0,7.2,FR,1691339792
370,tarauaca,-8.1614,-70.7656,310.87,30,27,0.66,BR,1691339792
371,westport,41.1415,-73.3579,302.68,54,0,3.09,US,1691339792
372,kachkanar,58.7,59.4948,290.0,95,30,1.79,RU,1691339536
373,amos,48.5669,-78.1162,296.82,34,42,1.69,CA,1691339792
374,carutapera,-1.195,-46.02,303.31,61,58,4.54,BR,1691339793
375,muravlenko,63.7898,74.523,293.06,51,3,3.86,RU,1691339793
376,nar'yan-mar,67.6713,53.087,291.98,79,83,3.07,RU,1691339595
377,el abiodh sidi cheikh,32.893,0.5484,312.66,10,0,3.72,DZ,1691339793
378,klaksvik,62.2266,-6.589,286.66,86,100,4.46,FO,1691339793
379,canico,32.6333,-16.85,302.43,72,20,3.09,PT,1691339793
380,kramfors,62.9316,17.7765,292.04,68,75,4.12,SE,1691339793
381,usogorsk,63.4106,48.6872,292.28,76,56,2.29,RU,1691339794
382,mount isa,-20.7333,139.5,286.02,54,0,2.57,AU,1691339761
383,rio verde de mato grosso,-18.9181,-54.8442,309.25,15,0,3.69,BR,1691339794
384,loudi,27.7344,111.9944,302.37,71,74,1.28,CN,1691339794
385,ilebo,-4.3167,20.5833,303.63,28,31,0.97,CD,1691339794
386,necochea,-38.5473,-58.7368,287.32,54,37,7.22,AR,1691339539
387,aketi,2.7388,23.7833,296.8,87,74,0.69,CD,1691339794
388,kindu,-2.95,25.95,300.2,56,84,1.46,CD,1691339795
389,north bend,43.4065,-124.2243,293.85,100,100,3.09,US,1691339766
390,laurentides,46.4334,-74.9826,295.21,33,5,3.39,CA,1691339795
391,tionk essil,12.7856,-16.5217,306.18,74,100,3.91,SN,1691339795
392,saldanha,-33.0117,17.9442,288.18,85,1,3.14,ZA,1691339795
393,nasipit,8.9692,125.2947,298.27,79,38,1.72,PH,1691339795
394,deqen,29.9618,90.7188,285.87,79,100,0.73,CN,1691339795
395,menongue,-14.6585,17.691,292.17,23,0,2.5,AO,1691339795
396,thunder bay,48.4001,-89.3168,293.14,64,100,1.03,CA,1691339762
397,sanctuary point,-35.1114,150.629,286.34,87,97,3.36,AU,1691339796
398,kiama,-34.6833,150.8667,286.48,86,92,4.26,AU,1691339796
399,oqtosh,39.9214,65.9253,302.86,27,78,2.71,UZ,1691339796
400,amuntai,-2.4177,115.2494,296.69,94,67,0.72,ID,1691339796
401,dosso,13.049,3.1937,304.53,53,80,4.67,NE,1691339796
402,buka,40.8108,69.1986,297.79,47,98,2.57,UZ,1691339796
403,kijang,35.2442,129.2139,301.0,87,6,4.58,KR,1691339797
404,leme,-22.1856,-47.3903,304.4,19,0,3.45,BR,1691339797
405,tando bago,24.7886,68.9661,302.09,70,14,9.9,PK,1691339797
406,cruzeiro do sul,-29.5128,-51.9853,304.0,48,0,2.48,BR,1691339797
407,mount pearl,47.5166,-52.7813,288.96,95,100,6.69,CA,1691339797
408,gadzhiyevo,69.2551,33.3362,286.93,68,12,2.92,RU,1691339797
409,tanumah,27.1,44.1333,309.52,8,0,4.79,SA,1691339797
410,salinopolis,-0.6136,-47.3561,302.43,70,41,6.13,BR,1691339797
411,sola,-13.8833,167.55,297.5,84,100,9.23,VU,1691339798
412,totness,5.8833,-56.3167,304.72,60,22,3.0,SR,1691339798
413,tateyama,34.9833,139.8667,299.23,89,11,4.98,JP,1691339798
414,cody,44.5263,-109.0565,292.55,69,40,0.89,US,1691339798
415,tucurui,-3.7661,-49.6725,310.88,27,31,2.35,BR,1691339798
416,keita,14.7551,5.7749,305.98,44,56,2.84,NE,1691339798
417,boda,4.3189,17.4695,296.13,93,100,1.15,CF,1691339799
418,fountain hills,33.6117,-111.7174,311.56,19,0,1.34,US,1691339799
419,sibut,5.718,19.0739,295.66,96,99,2.28,CF,1691339799
420,banjarmasin,-3.3244,114.591,299.23,90,36,1.86,ID,1691339799
421,kamaishi,39.2667,141.8833,297.84,95,92,3.92,JP,1691339799
422,purpe,64.4803,76.6897,292.43,45,3,3.79,RU,1691339537
423,novyy urengoy,66.0833,76.6333,293.6,51,6,3.64,RU,1691339799
424,vila velha,-20.3297,-40.2925,300.12,63,40,6.69,BR,1691339800
425,christchurch,-43.5333,172.6333,279.77,88,100,1.54,NZ,1691339607
426,san juan de abajo,20.8167,-105.1833,305.19,74,75,2.06,MX,1691339800
427,zalari,53.5584,102.5065,288.12,83,79,0.64,RU,1691339800
428,vilyuysk,63.7553,121.6247,286.56,69,91,2.33,RU,1691339800
429,sa'dah,16.9402,43.7639,296.17,66,69,4.95,YE,1691339800
430,west plains,36.7281,-91.8524,301.98,72,0,3.6,US,1691339800
431,xining,36.6167,101.7667,286.19,79,35,1.09,CN,1691339801
432,lerwick,60.1545,-1.1494,287.15,69,97,1.51,GB,1691339801
433,labytnangi,66.6572,66.4183,295.27,55,34,2.15,RU,1691339801
434,pandan,14.0453,124.1694,300.46,82,22,4.26,PH,1691339801
435,la passe,45.5549,-0.8967,296.28,59,28,6.7,FR,1691339801
436,bodaybo,57.8506,114.1933,289.7,79,100,0.83,RU,1691339801
437,igrim,63.1906,64.4162,293.68,49,15,0.74,RU,1691339801
438,luwuk,-0.9516,122.7875,298.02,89,78,3.07,ID,1691339802
439,tobelo,1.7284,128.0095,299.14,84,86,3.9,ID,1691339802
440,podborany,50.2294,13.4119,290.92,79,100,8.74,CZ,1691339802
441,eureka,40.8021,-124.1637,288.67,95,66,0.89,US,1691339802
442,gebeit,21.0667,36.3167,308.3,26,24,5.49,SD,1691339802
443,uliastay,47.7417,96.8444,286.62,61,5,2.05,MN,1691339802
444,katsuren-haebaru,26.3369,127.8719,300.16,100,100,11.32,JP,1691339802
445,faya-largeau,17.9257,19.1043,309.36,37,32,4.83,TD,1691339803
446,tofol,5.3248,163.0078,300.9,78,98,4.53,FM,1691339803
447,bireun,5.203,96.7009,298.86,85,100,1.66,ID,1691339803
448,brokopondo,4.75,-55.1667,304.88,55,1,1.01,SR,1691339748
449,limbang,4.75,115.0,299.21,94,47,0.91,MY,1691339804
450,carrigaline,51.8117,-8.3986,293.01,52,40,7.2,IE,1691339805
451,mata-utu,-13.2816,-176.1745,300.15,81,14,1.64,WF,1691339805
452,nova sintra,14.8667,-24.7167,296.06,76,70,4.24,CV,1691339805
453,lichuan,30.3,108.85,293.7,93,57,0.84,CN,1691339805
454,broome,42.2506,-75.833,299.93,60,0,1.34,US,1691339805
455,lagos,6.5833,3.75,298.62,86,100,3.82,NG,1691339723
456,trairi,-3.2778,-39.2689,303.54,54,6,7.99,BR,1691339806
457,kaoma,-14.7833,24.8,292.87,35,2,2.31,ZM,1691339806
458,ca mau,9.1769,105.15,299.31,89,97,1.86,VN,1691339806
459,yeppoon,-23.1333,150.7333,289.03,86,10,5.75,AU,1691339806
460,ulsteinvik,62.3432,5.8487,287.77,83,100,5.81,NO,1691339806
461,riviere-du-loup,47.8304,-69.5342,292.3,68,88,2.06,CA,1691339720
462,chinde,26.8418,88.0763,292.87,94,100,2.19,NP,1691339807
463,nizhnesortymskiy,62.4397,71.7603,294.14,55,2,4.01,RU,1691339807
464,galliano,29.4422,-90.2992,309.26,58,40,4.63,US,1691339807
465,tanjung pandan,-2.75,107.65,298.1,90,4,3.06,ID,1691339807
466,kenai,60.5544,-151.2583,288.23,93,100,1.54,US,1691339542
467,bayan,46.0833,127.4,288.5,75,26,3.99,CN,1691339807
468,kathmandu,27.7167,85.3167,295.28,90,75,1.03,NP,1691339617
469,saint-philippe,-21.3585,55.7679,292.92,83,92,7.45,RE,1691339808
470,zyryanovsk,49.7386,84.2719,290.14,76,81,1.13,KZ,1691339808
471,ndele,8.4109,20.6473,295.63,94,100,1.38,CF,1691339808
472,erenhot,43.6475,111.9767,300.21,36,13,5.62,CN,1691339808
473,xuddur,4.1213,43.8894,299.32,54,100,10.3,SO,1691339808
474,swift current,50.2834,-107.8014,293.6,49,0,1.54,CA,1691339808
475,gersthofen,48.4167,10.8833,287.37,82,40,7.2,DE,1691339808
476,usol'ye,59.4268,56.6808,290.98,92,14,2.05,RU,1691339809
477,withernsea,53.7311,0.0335,291.29,72,56,7.5,GB,1691339809
478,walker,30.7335,-95.5669,307.98,58,0,3.09,US,1691339809
479,crane,31.3974,-102.3501,309.05,26,0,7.5,US,1691339809
480,zeya,53.75,127.2667,288.43,56,20,0.95,RU,1691339595
481,tchibanga,-2.85,11.0333,300.05,51,50,2.52,GA,1691339809
482,port augusta,-32.5,137.7667,279.09,78,6,1.41,AU,1691339809
483,neyshabur,36.2133,58.7958,300.62,34,47,0.54,IR,1691339809
484,vernon,50.2581,-119.2691,297.2,43,55,0.51,CA,1691339716
485,huntingdon,52.3305,-0.1865,292.73,54,74,4.85,GB,1691339588
486,wotho,10.1657,166.0102,301.3,72,37,6.28,MH,1691339810
487,kuhmo,64.1333,29.5167,292.96,67,95,1.42,FI,1691339810
488,hotan,37.0997,79.9269,299.48,38,65,0.43,CN,1691339810
489,banda aceh,5.5577,95.3222,299.97,83,99,3.67,ID,1691339721
490,lavrio,37.7145,24.0565,306.45,54,0,3.96,GR,1691339672
491,bantogon,6.5333,124.0333,298.78,81,7,1.43,PH,1691339810
492,malango,-2.9627,119.9001,292.08,99,99,0.37,ID,1691339811
493,zheleznogorsk-ilimskiy,56.5768,104.1217,287.46,72,84,1.24,RU,1691339811
494,rabo de peixe,37.8,-25.5833,295.88,73,75,4.63,PT,1691339811
495,gidam,18.9833,81.4,296.88,90,100,1.42,IN,1691339811
496,patan,27.6667,85.3333,295.37,94,75,2.06,NP,1691339811
497,dass,10.0,9.5167,296.12,88,100,1.05,NG,1691339811
498,kisangani,0.5167,25.2,295.57,97,92,1.68,CD,1691339811
499,hexham,54.9699,-2.104,290.19,75,83,1.21,GB,1691339811
500,lingyuan,41.24,119.4011,291.05,82,66,0.89,CN,1691339730
501,ciudad lazaro cardenas,17.9583,-102.2,301.84,72,100,1.27,MX,1691339812
502,sao joao da barra,-21.6403,-41.0511,301.2,66,3,8.38,BR,1691339766
503,bandundu,-3.3167,17.3667,305.84,22,95,0.94,CD,1691339812
504,andergrove,-21.0833,149.1833,290.83,85,5,6.57,AU,1691339812
505,rawson,-43.3002,-65.1023,288.31,15,0,7.72,AR,1691339687
506,nchelenge,-9.3451,28.734,295.28,54,0,1.45,ZM,1691339812
507,kismayo,-0.3582,42.5454,297.93,82,57,7.72,SO,1691339812
508,san ignacio de velasco,-16.3667,-60.95,308.6,21,86,5.35,BO,1691339813
509,perry,37.2506,-83.1999,301.25,76,85,4.33,US,1691339813
510,timmins,48.4669,-81.3331,296.05,43,75,2.06,CA,1691339585
511,miyazu,35.5333,135.1833,298.82,84,3,3.44,JP,1691339813
512,balakhta,55.38,91.6,283.85,79,14,1.44,RU,1691339813
513,thames,-37.1333,175.5333,280.52,93,100,0.04,NZ,1691339813
514,masterton,-40.9597,175.6575,281.42,96,100,1.14,NZ,1691339813
515,iquique,-20.2208,-70.1431,293.17,65,0,5.08,CL,1691339746
516,alausi,-2.2,-78.8333,289.15,62,88,1.97,EC,1691339814
517,plastun,44.7561,136.2939,287.81,89,98,1.67,RU,1691339814
518,camabatela,-8.1881,15.375,296.89,21,2,1.43,AO,1691339814
519,cacule,-14.5033,-42.2222,302.33,24,1,5.01,BR,1691339814
520,bure,10.7,37.0667,287.54,93,97,1.24,ET,1691339814
521,ivdel',60.6911,60.4206,291.61,93,58,1.56,RU,1691339540
522,aparri,18.3333,121.6167,298.72,81,71,2.5,PH,1691339814
523,valandovo,41.3169,22.5611,301.21,37,33,5.82,MK,1691339814
524,pokaran,26.9167,71.9167,306.15,51,50,10.89,IN,1691339815
525,kalmunai,7.4167,81.8167,301.5,76,97,2.57,LK,1691339815
526,levice,48.2156,18.6071,291.76,82,98,6.5,SK,1691339815
527,loa janan,-0.583,117.095,297.09,96,5,1.73,ID,1691339815
528,alamogordo,32.8995,-105.9603,310.13,22,0,4.12,US,1691339815
529,castillos,-34.1667,-53.8333,296.87,58,46,3.91,UY,1691339815
530,mochudi,-24.4167,26.15,292.48,31,1,0.76,BW,1691339815
531,havre,49.5833,0.3333,292.23,77,75,7.2,FR,1691339815
532,alaghsas,17.0187,8.0168,310.09,36,20,2.06,NE,1691339816
533,tomatlan,19.9333,-105.25,304.08,59,100,0.64,MX,1691339745
534,agnibilekrou,7.1344,-3.2047,298.69,88,45,2.04,CI,1691339816
535,hasaki,35.7333,140.8333,299.99,89,24,4.27,JP,1691339816
536,mossendjo,-2.9506,12.7261,299.79,46,49,1.39,CG,1691339816
537,guarapari,-20.6667,-40.4975,299.2,62,10,7.6,BR,1691339751
538,arkalyk,50.2486,66.9114,296.14,54,34,3.24,KZ,1691339817
539,kurumkan,54.3,110.3,288.52,93,100,2.35,RU,1691339817
540,kulhudhuffushi,6.6221,73.07,301.44,77,92,6.51,MV,1691339817
541,temara,33.9287,-6.9066,305.4,69,0,4.12,MA,1691339817
542,port macquarie,-31.4333,152.9167,285.31,76,98,3.72,AU,1691339817
543,skowhegan,44.7651,-69.7192,300.03,47,3,5.01,US,1691339817
544,brookings,44.3114,-96.7984,294.15,83,75,5.14,US,1691339602
545,charters towers,-20.1,146.2667,286.16,71,0,2.95,AU,1691339777
546,hakui,36.8833,136.7833,302.16,88,8,1.1,JP,1691339818
547,progreso,21.2833,-89.6667,306.54,58,1,4.39,MX,1691339818
548,colonia,50.9333,6.95,289.29,85,75,7.72,DE,1691339546
549,saint-denis,48.9167,2.3333,294.46,55,100,7.2,FR,1691339818
550,eyl,7.9803,49.8164,298.62,75,98,11.11,SO,1691339818
551,prince edward,44.0001,-77.2495,298.19,67,30,1.79,CA,1691339818
552,owando,-0.4819,15.8999,301.67,53,99,1.85,CG,1691339819
553,regina,50.4501,-104.6178,292.14,61,100,3.6,CA,1691339759
554,rio branco,-9.9747,-67.81,306.49,49,0,2.06,BR,1691339819
555,wolmaransstad,-27.1974,25.9831,285.25,23,0,3.18,ZA,1691339819
